[
  {
    "value": "Chiicken tikka",
    "synonyms": [
      "Chiicken tikka"
    ]
  },
  {
    "value": "Paneer masala",
    "synonyms": [
      "Paneer masala"
    ]
  },
  {
    "value": "Pasta of all sauses",
    "synonyms": [
      "Pasta of all sauses"
    ]
  },
  {
    "value": "Puneer butter masala",
    "synonyms": [
      "Puneer butter masala"
    ]
  },
  {
    "value": "masala kulcha",
    "synonyms": [
      "masala kulcha"
    ]
  },
  {
    "value": "Masala kulcha",
    "synonyms": [
      "Masala kulcha"
    ]
  }
]