[
  {
    "id": "9b24e5af-741a-4d43-816b-cb57759ac2d5",
    "data": [
      {
        "text": "What items do we have on the menue?",
        "userDefined": false
      }
    ],
    "isTemplate": false,
    "count": 0,
    "lang": "en",
    "updated": 0
  },
  {
    "id": "9ddae44f-53d1-4866-864e-3b7a9e3d851f",
    "data": [
      {
        "text": "can you show me the menue?",
        "userDefined": false
      }
    ],
    "isTemplate": false,
    "count": 0,
    "lang": "en",
    "updated": 0
  },
  {
    "id": "a9b3ea7b-e35f-45c0-914a-89f798bd8d48",
    "data": [
      {
        "text": "show the menue",
        "userDefined": false
      }
    ],
    "isTemplate": false,
    "count": 0,
    "lang": "en",
    "updated": 0
  },
  {
    "id": "aa203ebd-d2b0-4fcb-9c04-1d3ef1867e02",
    "data": [
      {
        "text": "what are the menue items?",
        "userDefined": false
      }
    ],
    "isTemplate": false,
    "count": 0,
    "lang": "en",
    "updated": 0
  }
]