[
  {
    "id": "3ec7ea2e-6d54-45eb-a365-5bdca1dc1a60",
    "data": [
      {
        "text": "amaziing",
        "userDefined": false
      }
    ],
    "isTemplate": false,
    "count": 0,
    "lang": "en",
    "updated": 0
  },
  {
    "id": "46bbd95e-890b-40e2-87d7-87f4b50ab60f",
    "data": [
      {
        "text": "unexpected",
        "userDefined": false
      }
    ],
    "isTemplate": false,
    "count": 1,
    "lang": "en",
    "updated": 0
  },
  {
    "id": "dde70c1c-bb21-4916-a061-2d35a52c888e",
    "data": [
      {
        "text": "wow",
        "userDefined": false
      }
    ],
    "isTemplate": false,
    "count": 0,
    "lang": "en",
    "updated": 0
  },
  {
    "id": "db05bf1e-1cbd-4f8d-aca4-e4070ee64cc5",
    "data": [
      {
        "text": "so gud",
        "userDefined": false
      }
    ],
    "isTemplate": false,
    "count": 0,
    "lang": "en",
    "updated": 0
  },
  {
    "id": "24ff1f99-ca57-4b4f-a540-e17b96f56548",
    "data": [
      {
        "text": "review, is so good",
        "userDefined": false
      }
    ],
    "isTemplate": false,
    "count": 0,
    "lang": "en",
    "updated": 0
  }
]