[
  {
    "id": "19a799e0-b7c8-4741-899f-164b1ade238d",
    "data": [
      {
        "text": "dish",
        "meta": "@dish",
        "alias": "dish",
        "userDefined": true
      }
    ],
    "isTemplate": false,
    "count": 0,
    "lang": "en",
    "updated": 0
  },
  {
    "id": "cce9726f-a0de-4e70-bb50-8362feaf8370",
    "data": [
      {
        "text": "what is the rating of dish",
        "userDefined": false
      }
    ],
    "isTemplate": false,
    "count": 0,
    "lang": "en",
    "updated": 0
  },
  {
    "id": "ce8b94b7-275e-4abd-9463-2fc3d8050600",
    "data": [
      {
        "text": " Show me the review of dish",
        "userDefined": false
      }
    ],
    "isTemplate": false,
    "count": 0,
    "lang": "en",
    "updated": 0
  },
  {
    "id": "282846bf-5ab2-4ece-9932-a3b04c6a244f",
    "data": [
      {
        "text": "I would like to look for  reviews of ordered food",
        "userDefined": false
      }
    ],
    "isTemplate": false,
    "count": 0,
    "lang": "en",
    "updated": 0
  },
  {
    "id": "e48ac680-f800-4116-bfae-1a8a35db0baa",
    "data": [
      {
        "text": "I am looking for some some food reviews.",
        "userDefined": false
      }
    ],
    "isTemplate": false,
    "count": 0,
    "lang": "en",
    "updated": 0
  }
]